Yiroma/nutriview		public	2025-02-25T15:09:57Z
Yiroma/LoireValleyServices		private	2025-02-18T15:35:30Z
Yiroma/yiromaric-portfolio-2024-nextjs-static-website		public	2024-12-02T20:27:37Z
Yiroma/yiromaric-portfolio-2024-nextjs	Yiromaric's portfolio 2024 - next.js	public	2024-12-02T20:22:53Z
Yiroma/template-nextjs	New yiromaric's portfolio 2024 in Next.js	private	2024-09-10T14:57:39Z
Yiroma/yiroma-website-nextjs		public, fork	2024-09-10T12:47:16Z
Yiroma/Portfolio		public	2024-08-26T10:07:55Z
Yiroma/next-training-app		public	2024-06-03T14:43:34Z
Yiroma/tryToClickMe	Web mini-game	public	2024-04-02T20:19:12Z
Yiroma/Yiroma	Yiroma's Skills & Projects	public	2023-12-27T14:24:24Z
Yiroma/WCS-Training		public	2023-12-27T14:17:16Z
Yiroma/Blog-DevMX		public	2023-12-12T13:58:30Z
Yiroma/Minimal-fullStack-js-template		public	2023-10-16T12:57:34Z
Yiroma/Glassmorphism-Card-Hover-Effects		public	2023-09-28T21:23:32Z
Yiroma/homers-odyssey		public	2023-09-12T08:35:38Z
Yiroma/profile-card-component-FrontendMENTOR	Challenge FrontEnd Mentor	public	2023-09-04T22:44:25Z
Yiroma/CSS-tricks	differents ideas css	public	2023-08-30T18:33:35Z
Yiroma/Check_4_ToDoList		public	2023-07-21T11:23:21Z
Yiroma/2023-03-remote-fr-php-symfony-api-plateform		public, fork	2023-07-16T07:23:12Z
Yiroma/Template_FullStack_JS_React		public, fork	2023-07-14T10:17:49Z
Yiroma/WCS_PRISMA		public, fork	2023-07-05T07:36:03Z
Yiroma/Hackathon2-cHackahuete	hackathon repo	public, fork	2023-06-30T09:27:27Z
Yiroma/NutriDrive		public	2023-05-17T09:44:13Z
Yiroma/js-template-fullstack		public	2023-04-27T14:50:50Z
Yiroma/TODOWILD_Yiroma	Project_01_Todolist_HTML_CSS_JS_Vanilla	public	2023-04-03T21:51:09Z
